No,Precision,Recall,F-Measure,Safety,Mandatory,Optional,XORs,ORs,Requires,Excludes,NLeaf,NTop,FoC,Deep
19,6.613756613756613E-4,0.029411764705882353,0.0012936610608020697,0.8767436267436263,3,14,0,0,7,0,15,2,0.7777777777777778,3
20,0.0,0.0,NaN,0.9794825146553475,1,0,1,0,11,0,25,1,0.0,3
21,0.027777777777777776,0.02857142857142857,0.028169014084507043,0.9740953947368427,4,7,1,0,14,0,34,3,0.18421052631578946,3
