No,Precision,Recall,Safety,Mandatory,Optional,XORs,ORs,Requires,Excludes
19,6.613756613756613E-4,0.029411764705882353,0.8767436267436263,3,14,0,0,7,0
20,0.0,0.0,0.9794825146553475,1,0,1,0,11,0
21,0.027777777777777776,0.02857142857142857,0.9740953947368427,4,7,1,0,14,0
