No,Precision,Recall,Safety,Mandatory,Optional,XORs,ORs,Requires,Excludes
1,0.024305555555555556,1.0,0.823717948717949,1,9,0,0,0,0
2,0.008152173913043478,1.0,0.7651397515527949,0,6,0,1,0,0
3,0.047058823529411764,1.0,0.8410256410256411,0,10,0,0,0,0
4,0.03125,1.0,0.8020833333333334,1,9,0,0,0,0
5,0.01953125,1.0,0.8068181818181818,1,9,0,0,0,0
6,0.025297619047619048,1.0,0.7751831501831503,0,7,0,1,0,0
7,0.027777777777777776,1.0,0.7805555555555557,0,10,0,0,0,0
8,0.01568627450980392,1.0,0.7495098039215691,0,2,0,1,0,0
9,0.025390625,1.0,0.75,0,10,0,0,0,0
